{
  "schemaVersion": 1,
  "id": "blahmod",
  "version": "1.0.0",
  "name": "Core Ascension",
  "authors": [
    "jabaw, MCreator"
  ],
  "contact": {
    "homepage": "https://mcreator.net",
    "sources": ""
  },
  "license": "Academic Free License v3.0",
  "environment": "*",
  "entrypoints": {
    "main": [
      "net.mcreator.blahmod.BlahmodMod"
    ],
    "client": [
      "net.mcreator.blahmod.ClientInit"
    ]
  },
  "depends": {
    "fabricloader": ">=0.14.9",
    "fabric": "*",
    "minecraft": "~1.19",
    "java": ">=17"
  }
}